{"mistralai/Mixtral-8x7B-v0.1": {"significance": 0.0, "control": 0.8520653218059558, "inde_overall": 0.7531219980787704, "inde_loan": 0.7476340694006309, "inde_standalone": 0.755524861878453}, "gpt-4-0613": {"significance": 0.0004803073967339097, "control": 0.9798270893371758, "inde_overall": 0.9538904899135446, "inde_loan": 0.9337539432176656, "inde_standalone": 0.962707182320442}, "gpt-4-1106-preview": {"significance": 0.19860710854947167, "control": 0.9510086455331412, "inde_overall": 0.9433237271853987, "inde_loan": 0.9274447949526814, "inde_standalone": 0.9502762430939227}, "gpt-3.5-turbo-1106": {"significance": 0.0, "control": 0.951969260326609, "inde_overall": 0.8818443804034583, "inde_loan": 0.861198738170347, "inde_standalone": 0.8908839779005525}, "gemini-pro": {"significance": 0.10148895292987511, "control": 0.851104707012488, "inde_overall": 0.8309317963496637, "inde_loan": 0.8107255520504731, "inde_standalone": 0.8397790055248618}, "anthropic.claude-v2:1": {"significance": 0.0, "control": 0.9164265129682997, "inde_overall": 0.8309317963496637, "inde_loan": 0.807570977917981, "inde_standalone": 0.8411602209944752}, "anthropic.claude-instant-v1": {"significance": 0.0, "control": 0.920268972142171, "inde_overall": 0.829971181556196, "inde_loan": 0.804416403785489, "inde_standalone": 0.8411602209944752}, "EleutherAI/pythia-70m": {"significance": 0.5737271853986552, "control": 0.24495677233429394, "inde_overall": 0.24879923150816521, "inde_loan": 0.2586750788643533, "inde_standalone": 0.24447513812154695}, "EleutherAI/pythia-160m": {"significance": 0.49433237271853986, "control": 0.24687800192122958, "inde_overall": 0.24687800192122958, "inde_loan": 0.2586750788643533, "inde_standalone": 0.24171270718232044}, "EleutherAI/pythia-410m": {"significance": 0.27795389048991354, "control": 0.2574447646493756, "inde_overall": 0.24687800192122958, "inde_loan": 0.24605678233438485, "inde_standalone": 0.2472375690607735}, "EleutherAI/pythia-1B": {"significance": 0.7784341978866475, "control": 0.23246878001921228, "inde_overall": 0.24687800192122958, "inde_loan": 0.2586750788643533, "inde_standalone": 0.24171270718232044}, "EleutherAI/pythia-1.4B": {"significance": 0.0010086455331412103, "control": 0.29586935638808837, "inde_overall": 0.23631123919308358, "inde_loan": 0.21766561514195584, "inde_standalone": 0.24447513812154695}, "EleutherAI/pythia-2.8b": {"significance": 0.0028338136407300672, "control": 0.29971181556195964, "inde_overall": 0.24687800192122958, "inde_loan": 0.22082018927444794, "inde_standalone": 0.25828729281767954}, "EleutherAI/pythia-6.9B": {"significance": 0.37065321805955814, "control": 0.25552353506243997, "inde_overall": 0.24975984630163303, "inde_loan": 0.22397476340694006, "inde_standalone": 0.2610497237569061}, "EleutherAI/pythia-12B": {"significance": 0.04140249759846302, "control": 0.3218059558117195, "inde_overall": 0.2881844380403458, "inde_loan": 0.2744479495268139, "inde_standalone": 0.2941988950276243}, "huggyllama/llama-7b": {"significance": 0.048751200768491834, "control": 0.44668587896253603, "inde_overall": 0.4111431316042267, "inde_loan": 0.41324921135646686, "inde_standalone": 0.4102209944751381}, "huggyllama/llama-13b": {"significance": 0.5429875120076849, "control": 0.49279538904899134, "inde_overall": 0.4956772334293948, "inde_loan": 0.5110410094637224, "inde_standalone": 0.4889502762430939}, "huggyllama/llama-30b": {"significance": 0.0, "control": 0.7579250720461095, "inde_overall": 0.6781940441882806, "inde_loan": 0.7066246056782335, "inde_standalone": 0.6657458563535912}, "huggyllama/llama-65b": {"significance": 0.7350624399615754, "control": 0.6147934678194045, "inde_overall": 0.6292026897214217, "inde_loan": 0.6498422712933754, "inde_standalone": 0.6201657458563536}, "meta-llama/Llama-2-7b-hf": {"significance": 0.007012487992315082, "control": 0.6628242074927954, "inde_overall": 0.6109510086455331, "inde_loan": 0.5867507886435331, "inde_standalone": 0.6215469613259669}, "meta-llama/Llama-2-13b-hf": {"significance": 0.030787704130643613, "control": 0.7512007684918348, "inde_overall": 0.7146974063400576, "inde_loan": 0.7034700315457413, "inde_standalone": 0.7196132596685083}, "meta-llama/Llama-2-70b-hf": {"significance": 0.0, "control": 0.8174831892411143, "inde_overall": 0.7002881844380403, "inde_loan": 0.6561514195583596, "inde_standalone": 0.7196132596685083}, "tiiuae/falcon-7B": {"significance": 0.42742555235350627, "control": 0.2507204610951009, "inde_overall": 0.2478386167146974, "inde_loan": 0.27129337539432175, "inde_standalone": 0.23756906077348067}, "tiiuae/falcon-40b": {"significance": 0.0, "control": 0.8146013448607109, "inde_overall": 0.7329490874159462, "inde_loan": 0.7192429022082019, "inde_standalone": 0.738950276243094}, "togethercomputer/RedPajama-INCITE-7B-Base": {"significance": 0.09390009606147935, "control": 0.3112391930835735, "inde_overall": 0.28530259365994237, "inde_loan": 0.3028391167192429, "inde_standalone": 0.2776243093922652}, "togethercomputer/RedPajama-INCITE-Base-3B-v1": {"significance": 0.2501440922190202, "control": 0.2526416906820365, "inde_overall": 0.24015369836695485, "inde_loan": 0.23974763406940064, "inde_standalone": 0.24033149171270718}, "mistralai/Mistral-7B-v0.1": {"significance": 0.00019212295869356388, "control": 0.7800192122958693, "inde_overall": 0.7118155619596542, "inde_loan": 0.7160883280757098, "inde_standalone": 0.7099447513812155}, "mosaicml/mpt-7b": {"significance": 4.803073967339097e-05, "control": 0.5254562920268973, "inde_overall": 0.43611911623439004, "inde_loan": 0.4353312302839117, "inde_standalone": 0.43646408839779005}, "Qwen/Qwen-1_8B": {"significance": 0.0, "control": 0.7012487992315082, "inde_overall": 0.5004803073967339, "inde_loan": 0.4416403785488959, "inde_standalone": 0.5262430939226519}, "Qwen/Qwen-7B": {"significance": 0.0, "control": 0.8472622478386167, "inde_overall": 0.729106628242075, "inde_loan": 0.6971608832807571, "inde_standalone": 0.7430939226519337}, "Qwen/Qwen-14B": {"significance": 0.0, "control": 0.8463016330451489, "inde_overall": 0.765609990393852, "inde_loan": 0.7413249211356467, "inde_standalone": 0.7762430939226519}, "Qwen/Qwen-72B": {"significance": 0.0, "control": 0.8895292987512008, "inde_overall": 0.8290105667627281, "inde_loan": 0.8264984227129337, "inde_standalone": 0.830110497237569}, "01-ai/Yi-6B": {"significance": 0.0, "control": 0.8655139289145053, "inde_overall": 0.7569644572526417, "inde_loan": 0.7318611987381703, "inde_standalone": 0.7679558011049724}, "01-ai/Yi-34B": {"significance": 0.01239193083573487, "control": 0.8011527377521613, "inde_overall": 0.7598463016330451, "inde_loan": 0.7697160883280757, "inde_standalone": 0.755524861878453}}