{"mistralai/Mixtral-8x7B-v0.1": {"Significance": 0.0}, "gpt-4-0613": {"Significance": 0.0004322766570605187}, "gpt-4-1106-preview": {"Significance": 0.2017291066282421}, "gpt-3.5-turbo-1106": {"Significance": 0.0}, "gemini-pro": {"Significance": 0.10235350624399615}, "anthropic.claude-v2:1": {"Significance": 0.0}, "anthropic.claude-instant-v1": {"Significance": 0.0}, "EleutherAI/pythia-70m": {"Significance": 0.5694044188280499}, "EleutherAI/pythia-160m": {"Significance": 0.4890009606147935}, "EleutherAI/pythia-410m": {"Significance": 0.2769452449567723}, "EleutherAI/pythia-1B": {"Significance": 0.7731988472622479}, "EleutherAI/pythia-1.4B": {"Significance": 0.0013928914505283382}, "EleutherAI/pythia-2.8b": {"Significance": 0.004178674351585014}, "EleutherAI/pythia-6.9B": {"Significance": 0.36825168107588857}, "EleutherAI/pythia-12B": {"Significance": 0.04207492795389049}, "huggyllama/llama-7b": {"Significance": 0.0473583093179635}, "huggyllama/llama-13b": {"Significance": 0.5407300672430355}, "huggyllama/llama-30b": {"Significance": 0.0}, "huggyllama/llama-65b": {"Significance": 0.7374639769452449}, "meta-llama/Llama-2-7b-hf": {"Significance": 0.005619596541786743}, "meta-llama/Llama-2-13b-hf": {"Significance": 0.029154658981748318}, "meta-llama/Llama-2-70b-hf": {"Significance": 0.0}, "tiiuae/falcon-7B": {"Significance": 0.42636887608069163}, "tiiuae/falcon-40b": {"Significance": 0.0}, "togethercomputer/RedPajama-INCITE-7B-Base": {"Significance": 0.0919788664745437}, "togethercomputer/RedPajama-INCITE-Base-3B-v1": {"Significance": 0.24543707973102785}, "mistralai/Mistral-7B-v0.1": {"Significance": 4.803073967339097e-05}, "mosaicml/mpt-7b": {"Significance": 0.0}, "Qwen/Qwen-1_8B": {"Significance": 0.0}, "Qwen/Qwen-7B": {"Significance": 0.0}, "Qwen/Qwen-14B": {"Significance": 0.0}, "Qwen/Qwen-72B": {"Significance": 4.803073967339097e-05}, "01-ai/Yi-6B": {"Significance": 0.0}, "01-ai/Yi-34B": {"Significance": 0.010710854947166186}}